学校名称,是否填写,是否可修改,填报时间,填报账号/手机号,对应学院/项目,网站状态,最早截止,填报入口,备注
北京大学,☐ 否,待确认,,,,未定位,,,未定位到2027计算机类预推免学院原文。
北京航空航天大学,☐ 否,待确认,,,,未定位,,,未定位到2027计算机类预推免学院原文。
北京交通大学,☐ 否,待确认,,,计算机科学与技术学院,待复核,,https://gsadmission.bjtu.edu.cn/recommend/signin/,本次未定位到2027学院原文，只保留往年学院办法作材料准备参考。
北京科技大学,☐ 否,待确认,,,计算机与通信工程学院,已截止,2026-08-30,http://yjsy.ustb.edu.cn/ksxt,学院官方通知明确即日起至2026-08-30 23:59；8月31已截止，但信息完整，可用于核对后续正式推免。
北京理工大学,☐ 否,待确认,,,,未定位,,,未定位到2027计算机类预推免学院原文。
北京师范大学,☐ 否,待确认,,,,未定位,,,未定位到2027计算机类预推免学院原文。
北京邮电大学,☐ 否,待确认,,,计算机学院（国家示范性软件学院）；网络空间安全学院；人工智能学院,正在报名,2026-09-10,https://yzfs.bupt.edu.cn/MasterTm/Signin.aspx,北邮研招官方汇总列出人工智能学院2027实施细则入口。
重庆大学,☐ 否,待确认,,,计算机学院、软件学院、大数据与软件学院等计算机相关单位,正在报名,2026-09-30,http://syk.cqu.edu.cn,校级官方预报名系统开放至2026-09-30 18:00；各学院具体起止时间以系统和学院通知为准。
大连理工大学,☐ 否,待确认,,,计算机科学与技术学院；人工智能学院；软件学院（开发区校区）,正在报名,2026-09-07,https://yjszs.dlut.edu.cn/zsbm/logon,大连理工官方汇总已列出计算机科学与技术学院时间：2026-07-13 09:00至2026-09-07 09:00。
电子科技大学,☐ 否,待确认,,,,未定位,,,未定位到2027计算机类预推免学院原文。
东北大学,☐ 否,待确认,,,计算机科学与工程学院/软件学院等,待复核,,https://yz.neu.edu.cn,校级办法已出，学院截止时间需进系统或学院通知确认。
东南大学,☐ 否,待确认,,,计算机科学与工程学院、软件学院；网络空间安全学院；雷恩研究生学院,已截止,2026-08-08,https://gsas.seu.edu.cn/logon,计算机学院通知列表已发布雷恩研究生学院计算机技术专业2027推免报名通知。
复旦大学,☐ 否,待确认,,,研究生院/计算机相关院系,待复核,,https://gsas.fudan.edu.cn/logon,学校级入口已定位，计算机相关院系原文与截止时间需在系统内继续核验。
国防科技大学,☐ 否,待确认,,,计算机学院、智能科学学院等,待复核,,http://yjszs.nudt.edu.cn,学校方案明确有意申报2027级推免必须先通过国防科大报名系统预报名；只写7月-9月，未给统一截止日，需进系统和联系学院确认。
哈尔滨工程大学,☐ 否,待确认,,,计算机科学与技术学院,待复核,,https://yzb.hrbeu.edu.cn,学院官网标题确认是2027预报名前信息发布，但正文未稳定公开提取；先列待复核，避免误导。
哈尔滨工业大学,☐ 否,待确认,,,计算学部,已截止,2026-08-24,http://yzb.hit.edu.cn,已截止。计算学部和你的 CS 背景高度匹配，后续正式推免系统开放时仍可关注是否补录/追加通知。
合肥工业大学,☐ 否,待确认,,,计算机与信息学院（人工智能学院）等,正在报名,2026-09-15,https://yjszs.hfut.edu.cn,校级官方通知明确 2026-08-26 09:00 至 2026-09-15 17:00；计算机与信息学院需继续关注学院复试安排。
河海大学,☐ 否,待确认,,,计算机与软件学院、人工智能与自动化学院,待复核,,https://gs.hhu.edu.cn,官方公告正文抓取很少，不能写死截止时间；列入待复核但保留入口。
湖南大学,☐ 否,待确认,,,计算机学院,待复核,,https://yjszsxt.hnu.edu.cn/zsxt/tmsgl/default.aspx,学院官方通知已发布，8月28日后可在湖南大学接收推免生报名信息采集系统提交；学院未写固定截止日，需进系统确认。
华北电力大学,☐ 否,待确认,,,,未定位,,,未定位到2027计算机类预推免学院原文。
华东师范大学,☐ 否,待确认,,,计算机科学与技术学院；信息与电子工程学院（集成电路科学与工程学院）,正在报名,2026-09-05,https://yjszs-ks.ecnu.edu.cn/logon?zsxm=5,官方页已发布但抓取正文不稳定；截止时间来自同批汇总线索，填报前进系统再确认。
华中科技大学,☐ 否,待确认,,,,未定位,,,未定位到2027计算机类预推免学院原文。
吉林大学,☐ 否,待确认,,,,未定位,,,未定位到2027计算机类预推免学院原文。
兰州大学,☐ 否,待确认,,,,未定位,,,未定位到2027计算机类预推免学院原文。
南方科技大学,☐ 否,待确认,,,计算机科学与工程系,已截止,2026-08-31,https://cse.sustech.edu.cn/graduate/3775.html,官方计算机系通知明确计算机大类含计算机科学与技术、软件工程、网安、人工智能、智能科学与技术；作为强计算机/AI补充项列入双一流补充。
南京大学,☐ 否,待确认,,,软件学院；智能软件与工程学院,待复核,,https://gs.nju.edu.cn/geapp/sys/yjsbmxsd/entrance.do,苏州校区智能软件与工程学院单独发布通知，适合软件/AI方向补充关注。
南京航空航天大学,☐ 否,待确认,,,计算机科学与技术学院/人工智能学院等,正在报名,2026-09-15,http://yzsbm.nuaa.edu.cn/logon,校级系统已开，需重点查计算机学院是否有早截止。
南京理工大学,☐ 否,待确认,,,计算机科学与工程学院（人工智能学院、软件学院）,已截止,2026-09-01,http://202.119.85.163/Open/RecruitTkssTmYbm/signin.aspx,2027计算机学院具体内容目前主要通过学校预推免入口和聚合线索定位，填报前务必复核学院原文。
南开大学,☐ 否,待确认,,,计算机学院、密码与网络空间安全学院；软件学院,正在报名,2026-09-01,https://yzxt.nankai.edu.cn/intern/frontend/web/,官方学院通知明确报名至2026-09-12；要求先联系导师/实验室，别只填系统。
清华大学,☐ 否,待确认,,,研究生院/计算机科学与技术系/深圳国际研究生院,已截止,2026-07-28,https://yzbm.tsinghua.edu.cn,已截止。清华 CS 系主要看到直博简章，硕士方向以系统和目录为准。
厦门大学,☐ 否,待确认,,,信息学院（特色化示范性软件学院）,已截止,2026-07-07,https://ssyjsbm.xmu.edu.cn/,已截止，但材料要求很完整，可作为其他学校材料准备模板。
山东大学,☐ 否,待确认,,,计算机科学与技术学院、软件学院、人工智能学院等,待复核,,https://yanzhao.sdu.edu.cn,校级系统 2026-09-01 09:00 开放；每名考生最多选择三个招生单位，每个招生单位一个专业，报名期内可修改后重新提交。
上海大学,☐ 否,待确认,,,,未定位,,,未定位到2027计算机类预推免学院原文。
上海交通大学,☐ 否,待确认,,,,未定位,,,未定位到2027计算机类预推免学院原文。
四川大学,☐ 否,待确认,,,,未定位,,,未定位到2027计算机类预推免学院原文。
苏州大学,☐ 否,待确认,,,计算机科学与技术学院,已截止,2026-08-28,http://gsas.yjs.suda.edu.cn/logon,学院官方通知明确系统暂定开放 2026-08-15 至 2026-08-28；已截止，但考核安排和“不可修改”很关键。
天津大学,☐ 否,待确认,,,智能与计算学部等计算机相关单位,正在报名,2026-09-20,https://sszs.tju.edu.cn/10056/user/login/login,学校系统已开，智能与计算学部细则需在学院网站继续看。
同济大学,☐ 否,待确认,,,计算机科学与技术学院（软件学院）,已截止,2026-08-25,https://yzbm.tongji.edu.cn,研招网汇总明确该学院截止 2026-08-25 12:00。
武汉大学,☐ 否,待确认,,,,未定位,,,未定位到2027计算机类预推免学院原文。
武汉理工大学,☐ 否,待确认,,,,未定位,,,未定位到2027计算机类预推免学院原文。
西安电子科技大学,☐ 否,待确认,,,计算机科学与技术学院（国家示范性软件学院）；人工智能学院,正在报名,2026-09-10,https://yjspt.xidian.edu.cn/gsapp/sys/wdyjsbm/entrance.do,学院官方2027推荐免试研究生招生预报名通知；仅可选择一个学院预报名，正式录取仍须通过中国研招网推免服务系统。
西安交通大学,☐ 否,待确认,,,,未定位,,,未定位到2027计算机类预推免学院原文。
西北工业大学,☐ 否,待确认,,,,未定位,,,未定位到2027计算机类预推免学院原文。
西北农林科技大学,☐ 否,待确认,,,,未定位,,,未定位到2027计算机类预推免学院原文。
西南财经大学,☐ 否,待确认,,,计算机与人工智能学院,已截止,2026-08-31,https://yz.swufe.edu.cn,中上游211补充项，学院官方明确计算机科学与技术和电子信息两个专业，报名期至2026-08-31。
西南交通大学,☐ 否,待确认,,,,未定位,,,未定位到2027计算机类预推免学院原文。
浙江大学,☐ 否,待确认,,,计算机科学与技术学院；人工智能学院,正在报名,2026-09-10,https://yjsy.zju.edu.cn/grsinfo/zs/user/login,学院官方通知明确 2026-08-10 09:00 至 2026-09-10 24:00；每人只能填报一个志愿，计算机背景报AI方向可重点看。
郑州大学,☐ 否,待确认,,,,未定位,,,未定位到2027计算机类预推免学院原文。
中国海洋大学,☐ 否,待确认,,,信息科学与工程学部等计算机相关单位,正在报名,2026-09-14,https://stuouc.molstone.cn,研招办官方通知明确预报名 2026-07-23 至 2026-09-14 17:00；硕士报名和直博报名最多可分别填三个不同志愿。
中国科学技术大学,☐ 否,待确认,,,计算机科学与技术学院；网络空间安全学院；人工智能与数据科学学院,正在报名,2026-09-09,https://xspt.ustc.edu.cn/,8月31日最新官方预面试报名通知，9月9日截止；这是当前最值得优先看的中科大AI/数据方向入口。
中国矿业大学,☐ 否,待确认,,,计算机科学与技术学院、人工智能相关专项等,正在报名,2026-09-18,https://yzs.cumt.edu.cn/yzbm/logon,学校官方预报名系统 2026-08-20 至 2026-09-18 17:00 开放；人工智能拔尖创新人才专项可在系统中选择。
中国农业大学,☐ 否,待确认,,,信息与电气工程学院等计算机/人工智能相关单位,已截止,2026-08-31,https://yzk.cau.edu.cn,研招办发布2027各院系接收推免工作实施细则汇总，信息与电气工程学院在汇总列表中；学院原文需继续复核。
中国人民大学,☐ 否,待确认,,,高瓴人工智能学院,已截止,2026-07-14,http://yjsfs.ruc.edu.cn/tp/zs/login/toLogin/tm,官方学院通知明确2027年推免生接收报名；已截止，但AI方向和材料要求值得参考。
中南大学,☐ 否,待确认,,,计算机学院/自动化学院/大数据研究院等计算机相关单位,待复核,,https://yjszsgl.csu.edu.cn/zsgl/tmsgl/default.aspx,校级官方预报名8月28日开始，各二级单位截止时间不同；填计算机类前必须再看对应学院通知。
中山大学,☐ 否,待确认,,,计算机学院；网络空间安全学院,已截止,2026-08-12,https://enroll.sysu.edu.cn/,要求具体，动作多，建议尽早准备视频和测评。
中央民族大学,☐ 否,待确认,,,信息工程学院,已截止,2026-08-18,https://yjszs.muc.edu.cn,学院官方通知明确 2026-08-01 00:00 至 2026-08-18 17:00，已截止；复试时间和材料要求完整保留。
